{
    "epoch": 11,
    "accuracy": 0.919151782989502,
    "val_accuracy": 0.9313622713088989,
    "loss": 0.22759921848773956,
    "val_loss": 0.19695380330085754,
    "timestamp": "2025-05-18 01:44:38"
}