{
    "epoch": 12,
    "accuracy": 0.9225789308547974,
    "val_accuracy": 0.9355452060699463,
    "loss": 0.2167031615972519,
    "val_loss": 0.18396128714084625,
    "timestamp": "2025-05-18 02:00:18"
}