{
    "epoch": 3,
    "accuracy": 0.8676964044570923,
    "val_accuracy": 0.8956174254417419,
    "loss": 0.3990025520324707,
    "val_loss": 0.30404239892959595,
    "timestamp": "2025-05-17 23:39:26"
}