{
    "epoch": 20,
    "accuracy": 0.9350976943969727,
    "val_accuracy": 0.9469531178474426,
    "loss": 0.17789515852928162,
    "val_loss": 0.1531764268875122,
    "timestamp": "2025-05-18 04:05:41"
}