{
    "epoch": 10,
    "accuracy": 0.9167003631591797,
    "val_accuracy": 0.9276547431945801,
    "loss": 0.23525136709213257,
    "val_loss": 0.202434241771698,
    "timestamp": "2025-05-18 01:28:55"
}