{
    "epoch": 2,
    "accuracy": 0.8399219512939453,
    "val_accuracy": 0.8689038753509521,
    "loss": 0.49788200855255127,
    "val_loss": 0.3777136206626892,
    "timestamp": "2025-05-17 23:23:53"
}