{
    "epoch": 15,
    "accuracy": 0.9294333457946777,
    "val_accuracy": 0.9278448224067688,
    "loss": 0.19987352192401886,
    "val_loss": 0.18699637055397034,
    "timestamp": "2025-05-18 02:47:18"
}