{
    "epoch": 9,
    "accuracy": 0.9161767959594727,
    "val_accuracy": 0.9294610023498535,
    "loss": 0.24357977509498596,
    "val_loss": 0.1992918848991394,
    "timestamp": "2025-05-18 01:13:14"
}