{
    "epoch": 5,
    "accuracy": 0.8953281044960022,
    "val_accuracy": 0.9173876047134399,
    "loss": 0.3053089678287506,
    "val_loss": 0.24604855477809906,
    "timestamp": "2025-05-18 00:10:53"
}