{
    "epoch": 14,
    "accuracy": 0.925958514213562,
    "val_accuracy": 0.938016951084137,
    "loss": 0.2087181657552719,
    "val_loss": 0.17606580257415771,
    "timestamp": "2025-05-18 02:31:32"
}