{
    "epoch": 21,
    "accuracy": 0.9357879161834717,
    "val_accuracy": 0.9471432566642761,
    "loss": 0.18082234263420105,
    "val_loss": 0.146588534116745,
    "timestamp": "2025-05-18 04:21:27"
}