{
    "epoch": 4,
    "accuracy": 0.8833805322647095,
    "val_accuracy": 0.9080711007118225,
    "loss": 0.3393343389034271,
    "val_loss": 0.27430522441864014,
    "timestamp": "2025-05-17 23:55:08"
}