{
    "epoch": 6,
    "accuracy": 0.8996120691299438,
    "val_accuracy": 0.908261239528656,
    "loss": 0.28523877263069153,
    "val_loss": 0.25471505522727966,
    "timestamp": "2025-05-18 00:26:24"
}