{
    "epoch": 17,
    "accuracy": 0.9286479353904724,
    "val_accuracy": 0.9346895813941956,
    "loss": 0.19561266899108887,
    "val_loss": 0.17768745124340057,
    "timestamp": "2025-05-18 03:18:41"
}