{
    "epoch": 8,
    "accuracy": 0.9109408259391785,
    "val_accuracy": 0.9284152388572693,
    "loss": 0.25412654876708984,
    "val_loss": 0.20592698454856873,
    "timestamp": "2025-05-18 00:57:35"
}