{
    "epoch": 18,
    "accuracy": 0.9303852915763855,
    "val_accuracy": 0.9407738447189331,
    "loss": 0.19315050542354584,
    "val_loss": 0.16078369319438934,
    "timestamp": "2025-05-18 03:34:24"
}