{
    "epoch": 7,
    "accuracy": 0.906133234500885,
    "val_accuracy": 0.9269892573356628,
    "loss": 0.2702014744281769,
    "val_loss": 0.21559040248394012,
    "timestamp": "2025-05-18 00:42:07"
}