{
    "epoch": 1,
    "accuracy": 0.6599709391593933,
    "val_accuracy": 0.839148223400116,
    "loss": 1.1693001985549927,
    "val_loss": 0.49259525537490845,
    "timestamp": "2025-05-17 23:08:24"
}