{
    "epoch": 16,
    "accuracy": 0.9283861517906189,
    "val_accuracy": 0.9374465346336365,
    "loss": 0.1944313645362854,
    "val_loss": 0.1742425411939621,
    "timestamp": "2025-05-18 03:02:58"
}