{
    "epoch": 19,
    "accuracy": 0.9340505003929138,
    "val_accuracy": 0.9445765018463135,
    "loss": 0.18823155760765076,
    "val_loss": 0.15749835968017578,
    "timestamp": "2025-05-18 03:50:10"
}