{
    "epoch": 13,
    "accuracy": 0.9244353771209717,
    "val_accuracy": 0.9375416040420532,
    "loss": 0.21168851852416992,
    "val_loss": 0.17979565262794495,
    "timestamp": "2025-05-18 02:15:52"
}